0,Year,10th Marks,12th Marks,12th Division,AIEEE Rank,College,States,College Rank
0,2015,95,92,2,100,IIT DELHI,Delhi,4
1,2015,75,88,3,1023,VIT VELLORE,Tamil Nadu,21
2,2015,83,84,6,2935,AHEMDABAD IT,Gujarat,24
3,2015,75,91,8,5647,UNIVERSITY COLLEGE OF ENGINEERING,Andhra Pradesh,31
4,2015,94,94,9,3564,SRMIST CHENNAI,Tamil Nadu,32
5,2015,95,94,1,2185,MANIPAL IT,Karnataka,23
6,2015,89,89,1,785,IIT HYDERABAD,Telangana,6
7,2015,81,89,1,2231,VIT VELLORE,Tamil Nadu,21
8,2015,84,85,4,3561,AHEMDABAD IT,Gujarat,24
9,2015,92,85,6,4235,IIT JODHPUR,Rajasthan,7
10,2015,88,91,4,7700,BMS COLLEGE OF ENGINEERING,Karnataka,33
11,2015,86,81,3,4102,IIT BHILAI,Chhattisgarh,15
12,2015,85,94,5,5689,MNIT JAIPUR,Rajasthan,25
13,2015,91,88,1,3421,IIT PALAKKAD,Kerala,10
14,2015,91,91,4,3015,IIT TIRUPATI,Andhra Pradesh,11
15,2015,91,93,4,4834,KLEF HYDRABAD,Telangana,34
16,2015,75,88,3,1023,VIT VELLORE,Tamil Nadu,21
17,2015,83,84,6,2935,AHEMDABAD IT,Gujarat,24
18,2015,75,91,8,5647,UNIVERSITY COLLEGE OF ENGINEERING,Andhra Pradesh,31
19,2015,91,93,4,4834,KLEF HYDRABAD,Telangana,34
20,2015,75,88,3,1023,VIT VELLORE,Tamil Nadu,21
21,2015,91,93,4,4834,KLEF HYDRABAD,Telangana,34
22,2015,75,88,3,1023,VIT VELLORE,Tamil Nadu,21
23,2015,92,85,6,4235,IIT JODHPUR,Rajasthan,7
24,2015,88,91,4,7700,BMS COLLEGE OF ENGINEERING,Karnataka,33
25,2015,86,81,3,4102,IIT BHILAI,Chhattisgarh,15
26,2015,85,94,5,5689,MNIT JAIPUR,Rajasthan,25
27,2015,91,88,1,3421,IIT PALAKKAD,Kerala,10
28,2015,91,91,4,3015,IIT TIRUPATI,Andhra Pradesh,11
29,2015,91,93,4,4834,KLEF HYDRABAD,Telangana,34
30,2015,75,88,3,1023,VIT VELLORE,Tamil Nadu,21
31,2015,83,84,6,2935,AHEMDABAD IT,Gujarat,24
32,2015,75,91,8,5647,UNIVERSITY COLLEGE OF ENGINEERING,Andhra Pradesh,31
33,2015,91,93,4,4834,KLEF HYDRABAD,Telangana,34
34,2015,75,88,3,1023,VIT VELLORE,Tamil Nadu,21
35,2015,91,93,4,4834,KLEF HYDRABAD,Telangana,34
36,2015,75,88,3,1023,VIT VELLORE,Tamil Nadu,21
37,2015,83,84,6,2935,AHEMDABAD IT,Gujarat,24
38,2015,75,91,8,5647,UNIVERSITY COLLEGE OF ENGINEERING,Andhra Pradesh,31
39,2015,91,93,4,4834,KLEF HYDRABAD,Telangana,34
40,2015,75,88,3,1023,VIT VELLORE,Tamil Nadu,21
41,2015,83,84,6,2935,AHEMDABAD IT,Gujarat,24
42,2015,92,85,6,4235,IIT JODHPUR,Rajasthan,7
43,2015,88,91,4,7700,BMS COLLEGE OF ENGINEERING,Karnataka,33
44,2015,86,81,3,4102,IIT BHILAI,Chhattisgarh,15
45,2015,85,94,5,5689,MNIT JAIPUR,Rajasthan,25
46,2015,91,88,1,3421,IIT PALAKKAD,Kerala,10
47,2015,91,91,4,3015,IIT TIRUPATI,Andhra Pradesh,11
48,2015,91,93,4,4834,KLEF HYDRABAD,Telangana,34
49,2015,75,88,3,1023,VIT VELLORE,Tamil Nadu,21
50,2015,83,84,6,2935,AHEMDABAD IT,Gujarat,24
51,2015,75,91,8,5647,UNIVERSITY COLLEGE OF ENGINEERING,Andhra Pradesh,31
52,2015,91,93,4,4834,KLEF HYDRABAD,Telangana,34
53,2015,75,88,3,1023,VIT VELLORE,Tamil Nadu,21
54,2015,91,93,4,4834,KLEF HYDRABAD,Telangana,34
55,2015,75,88,3,1023,VIT VELLORE,Tamil Nadu,21
56,2015,83,84,6,2935,AHEMDABAD IT,Gujarat,24
57,2015,75,91,8,5647,UNIVERSITY COLLEGE OF ENGINEERING,Andhra Pradesh,31
58,2015,91,93,4,4834,KLEF HYDRABAD,Telangana,34
59,2015,75,88,3,1023,VIT VELLORE,Tamil Nadu,21
60,2015,83,84,6,2935,AHEMDABAD IT,Gujarat,24
61,2015,75,91,8,5647,UNIVERSITY COLLEGE OF ENGINEERING,Andhra Pradesh,31
62,2015,91,93,4,4834,KLEF HYDRABAD,Telangana,34
63,2015,75,88,3,1023,VIT VELLORE,Tamil Nadu,21
64,2015,83,84,6,2935,AHEMDABAD IT,Gujarat,24
65,2015,75,91,8,5647,UNIVERSITY COLLEGE OF ENGINEERING,Andhra Pradesh,31
66,2015,91,93,4,4834,KLEF HYDRABAD,Telangana,34
67,2015,91,93,4,4834,KLEF HYDRABAD,Telangana,34
68,2016,89,84,1,600,IIT GUWAHATI,Assam,5
69,2016,90,86,5,514,IIT HYDERABAD,Telangana,6
70,2016,81,89,9,2013,JADAVPUR UNIVERSITY,West Bengal,35
71,2016,85,92,2,2561,MNIT ALLAHABAD,Uttar Pradesh,27
72,2016,81,87,2,4565,IIT BHILAI,Chhattisgarh,15
73,2016,75,85,3,4565,IIT JAMMU,Jammu & Kashmir,13
74,2016,74,94,1,2356,KLEF HYDRABAD,Telangana,34
75,2016,83,81,9,515,IIT HYDERABAD,Telangana,6
76,2016,84,92,8,4127,NMIMS,Maharashtra,28
77,2016,89,93,6,4512,IIT JODHPUR,Rajasthan,7
78,2016,92,93,1,3267,S O A  UNIVERSITY,Orissa,26
79,2016,94,94,8,4856,SRMIST CHENNAI,Tamil Nadu,32
80,2016,94,94,5,8546,BMS COLLEGE OF ENGINEERING,Karnataka,33
81,2016,85,88,5,1452,NIT TRICHY,Tamil Nadu,17
82,2016,81,94,2,3511,S O A  UNIVERSITY,Orissa,26
83,2016,85,93,4,4235,IIT JODHPUR,Rajasthan,7
84,2016,92,84,1,2531,MNIT ALLAHABAD,Uttar Pradesh,27
85,2016,87,88,6,88,IIT DELHI,Delhi,4
86,2016,85,88,5,225,IIT KANPUR,Uttar Pradesh,3
87,2016,88,88,4,956,NETAJI SUBHAS IT,Delhi,38
88,2016,94,88,4,1235,NIT TRICHY,Tamil Nadu,17
89,2016,91,78,2,4756,NMIMS,Maharashtra,28
90,2016,85,82,4,4601,KLEF HYDRABAD,Telangana,34
91,2016,92,94,8,3014,MANIPAL IT,Karnataka,23
92,2016,93,75,2,2986,IIT PALAKKAD,Kerala,10
93,2016,87,86,4,4600,NMIMS,Maharashtra,28
94,2016,85,74,7,1633,IIT INDORE,Madhya Pradesh,14
95,2016,94,83,6,5623,BITS MESRA,Jharkhand,22
96,2016,91,76,1,2986,HBUT KANPUR,Uttar Pradesh,36
97,2016,89,85,1,2812,MANIPAL IT,Karnataka,23
98,2016,87,81,4,2999,IIT PALAKKAD,Kerala,10
99,2016,88,89,5,2001,JADAVPUR UNIVERSITY,West Bengal,35
100,2016,88,88,5,2015,VIT VELLORE,Tamil Nadu,21
101,2016,94,94,6,2145,NIT WARANGAL,Telangana,16
102,2016,87,88,3,2754,HBUT KANPUR,Uttar Pradesh,36
103,2016,89,94,4,3652,IIT GOA,Goa,12
104,2016,87,93,7,2757,MANIPAL IT,Karnataka,23
105,2016,88,88,5,4120,SRMIST CHENNAI,Tamil Nadu,32
106,2016,88,88,6,4120,IIT BHILAI,Chhattisgarh,15
107,2016,94,89,4,5529,IIEST SHIBPUR,West Bengal,37
108,2016,86,84,1,283,IIT KHARAGPUR,West Bengal,1
109,2016,86,87,6,1533,IIT INDORE,Madhya Pradesh,14
110,2016,81,89,9,2013,JADAVPUR UNIVERSITY,West Bengal,35
111,2016,85,92,2,2561,MNIT ALLAHABAD,Uttar Pradesh,27
112,2016,81,87,2,4565,IIT BHILAI,Chhattisgarh,15
113,2016,75,85,3,4565,IIT JAMMU,Jammu & Kashmir,13
114,2016,74,94,1,2356,KLEF HYDRABAD,Telangana,34
115,2016,94,89,4,5529,IIEST SHIBPUR,West Bengal,37
116,2016,86,84,1,283,IIT KHARAGPUR,West Bengal,1
117,2016,86,87,6,1533,IIT INDORE,Madhya Pradesh,14
118,2016,81,89,9,2013,JADAVPUR UNIVERSITY,West Bengal,35
119,2016,87,88,3,2754,HBUT KANPUR,Uttar Pradesh,36
120,2016,89,94,4,3652,IIT GOA,Goa,12
121,2016,87,93,7,2757,MANIPAL IT,Karnataka,23
122,2016,88,88,5,4120,SRMIST CHENNAI,Tamil Nadu,32
123,2016,88,88,6,4120,IIT BHILAI,Chhattisgarh,15
124,2016,94,89,4,5529,IIEST SHIBPUR,West Bengal,37
125,2016,86,84,1,283,IIT KHARAGPUR,West Bengal,1
126,2016,86,87,6,1533,IIT INDORE,Madhya Pradesh,14
127,2016,81,89,9,2013,JADAVPUR UNIVERSITY,West Bengal,35
128,2016,87,88,3,2754,HBUT KANPUR,Uttar Pradesh,36
129,2016,89,94,4,3652,IIT GOA,Goa,12
130,2016,87,93,7,2757,MANIPAL IT,Karnataka,23
131,2016,88,88,5,4120,SRMIST CHENNAI,Tamil Nadu,32
132,2016,88,88,6,4120,IIT BHILAI,Chhattisgarh,15
133,2016,91,78,2,4756,NMIMS,Maharashtra,28
134,2016,85,82,4,4601,KLEF HYDRABAD,Telangana,34
135,2016,92,94,8,3014,MANIPAL IT,Karnataka,23
136,2016,93,75,2,2986,IIT PALAKKAD,Kerala,10
137,2016,87,86,4,4600,NMIMS,Maharashtra,28
138,2016,85,74,7,1633,IIT INDORE,Madhya Pradesh,14
139,2016,94,83,6,5623,BITS MESRA,Jharkhand,22
140,2016,91,76,1,2986,HBUT KANPUR,Uttar Pradesh,36
141,2016,89,85,1,2812,MANIPAL IT,Karnataka,23
142,2016,87,81,4,2999,IIT PALAKKAD,Kerala,10
143,2016,88,89,5,2001,JADAVPUR UNIVERSITY,West Bengal,35
144,2016,88,88,5,2015,VIT VELLORE,Tamil Nadu,21
145,2016,94,94,6,2145,NIT WARANGAL,Telangana,16
146,2016,87,88,3,2754,HBUT KANPUR,Uttar Pradesh,36
147,2016,89,94,4,3652,IIT GOA,Goa,12
148,2016,87,93,7,2757,MANIPAL IT,Karnataka,23
149,2016,88,88,5,4120,SRMIST CHENNAI,Tamil Nadu,32
150,2016,88,88,6,4120,IIT BHILAI,Chhattisgarh,15
151,2016,94,89,4,5529,IIEST SHIBPUR,West Bengal,37
152,2016,86,84,1,283,IIT KHARAGPUR,West Bengal,1
153,2016,86,87,6,1533,IIT INDORE,Madhya Pradesh,14
154,2016,81,89,9,2013,JADAVPUR UNIVERSITY,West Bengal,35
155,2016,85,92,2,2561,MNIT ALLAHABAD,Uttar Pradesh,27
156,2016,81,87,2,4565,IIT BHILAI,Chhattisgarh,15
157,2016,75,85,3,4565,IIT JAMMU,Jammu & Kashmir,13
158,2016,74,94,1,2356,KLEF HYDRABAD,Telangana,34
159,2016,94,89,4,5529,IIEST SHIBPUR,West Bengal,37
160,2016,86,84,1,283,IIT KHARAGPUR,West Bengal,1
161,2016,86,87,6,1533,IIT INDORE,Madhya Pradesh,14
162,2016,81,89,9,2013,JADAVPUR UNIVERSITY,West Bengal,35
163,2016,87,88,3,2754,HBUT KANPUR,Uttar Pradesh,36
164,2016,89,94,4,3652,IIT GOA,Goa,12
165,2016,87,93,7,2757,MANIPAL IT,Karnataka,23
166,2016,88,88,5,4120,SRMIST CHENNAI,Tamil Nadu,32
167,2016,88,88,6,4120,IIT BHILAI,Chhattisgarh,15
168,2016,88,88,5,4120,SRMIST CHENNAI,Tamil Nadu,32
169,2016,88,88,6,4120,IIT BHILAI,Chhattisgarh,15
170,2016,94,89,4,5529,IIEST SHIBPUR,West Bengal,37
171,2016,86,84,1,283,IIT KHARAGPUR,West Bengal,1
172,2016,87,88,3,2754,HBUT KANPUR,Uttar Pradesh,36
173,2016,89,94,4,3652,IIT GOA,Goa,12
174,2016,87,93,7,2757,MANIPAL IT,Karnataka,23
175,2016,88,88,5,4120,SRMIST CHENNAI,Tamil Nadu,32
176,2016,88,88,6,4120,IIT BHILAI,Chhattisgarh,15
177,2016,88,88,5,4120,SRMIST CHENNAI,Tamil Nadu,32
178,2016,88,88,6,4120,IIT BHILAI,Chhattisgarh,15
179,2016,85,92,2,2561,MNIT ALLAHABAD,Uttar Pradesh,27
180,2016,81,87,2,4565,IIT BHILAI,Chhattisgarh,15
181,2016,75,85,3,4565,IIT JAMMU,Jammu & Kashmir,13
182,2016,74,94,1,2356,KLEF HYDRABAD,Telangana,34
183,2016,94,89,4,5529,IIEST SHIBPUR,West Bengal,37
184,2016,86,84,1,283,IIT KHARAGPUR,West Bengal,1
185,2016,86,87,6,1533,IIT INDORE,Madhya Pradesh,14
186,2016,88,88,5,4120,SRMIST CHENNAI,Tamil Nadu,32
187,2016,88,88,6,4120,IIT BHILAI,Chhattisgarh,15
188,2016,85,92,2,2561,MNIT ALLAHABAD,Uttar Pradesh,27
189,2016,89,94,4,3652,IIT GOA,Goa,12
190,2016,87,93,7,2757,MANIPAL IT,Karnataka,23
191,2016,88,88,5,4120,SRMIST CHENNAI,Tamil Nadu,32
192,2016,88,88,6,4120,IIT BHILAI,Chhattisgarh,15
193,2016,91,78,2,4756,NMIMS,Maharashtra,28
194,2016,85,82,4,4601,KLEF HYDRABAD,Telangana,34
195,2016,92,94,8,3014,MANIPAL IT,Karnataka,23
196,2016,93,75,2,2986,IIT PALAKKAD,Kerala,10
197,2016,87,86,4,4600,NMIMS,Maharashtra,28
198,2016,85,74,7,1633,IIT INDORE,Madhya Pradesh,14
199,2016,94,83,6,5623,BITS MESRA,Jharkhand,22
200,2016,91,76,1,2986,HBUT KANPUR,Uttar Pradesh,36
201,2016,89,85,1,2812,MANIPAL IT,Karnataka,23
202,2016,87,81,4,2999,IIT PALAKKAD,Kerala,10
203,2016,88,89,5,2001,JADAVPUR UNIVERSITY,West Bengal,35
204,2016,88,88,5,2015,VIT VELLORE,Tamil Nadu,21
205,2016,94,94,6,2145,NIT WARANGAL,Telangana,16
206,2016,87,88,3,2754,HBUT KANPUR,Uttar Pradesh,36
207,2016,89,94,4,3652,IIT GOA,Goa,12
208,2016,87,93,7,2757,MANIPAL IT,Karnataka,23
209,2016,88,88,5,4120,SRMIST CHENNAI,Tamil Nadu,32
210,2016,88,88,6,4120,IIT BHILAI,Chhattisgarh,15
211,2016,94,89,4,5529,IIEST SHIBPUR,West Bengal,37
212,2016,86,84,1,283,IIT KHARAGPUR,West Bengal,1
213,2016,86,87,6,1533,IIT INDORE,Madhya Pradesh,14
214,2016,81,89,9,2013,JADAVPUR UNIVERSITY,West Bengal,35
215,2016,85,92,2,2561,MNIT ALLAHABAD,Uttar Pradesh,27
216,2016,81,87,2,4565,IIT BHILAI,Chhattisgarh,15
217,2016,75,85,3,4565,IIT JAMMU,Jammu & Kashmir,13
218,2016,74,94,1,2356,KLEF HYDRABAD,Telangana,34
219,2016,94,89,4,5529,IIEST SHIBPUR,West Bengal,37
220,2016,86,84,1,283,IIT KHARAGPUR,West Bengal,1
221,2016,86,87,6,1533,IIT INDORE,Madhya Pradesh,14
222,2016,81,89,9,2013,JADAVPUR UNIVERSITY,West Bengal,35
223,2016,87,88,3,2754,HBUT KANPUR,Uttar Pradesh,36
224,2016,89,94,4,3652,IIT GOA,Goa,12
225,2016,87,93,7,2757,MANIPAL IT,Karnataka,23
226,2016,88,88,5,4120,SRMIST CHENNAI,Tamil Nadu,32
227,2016,88,88,6,4120,IIT BHILAI,Chhattisgarh,15
228,2016,88,88,5,4120,SRMIST CHENNAI,Tamil Nadu,32
229,2016,88,88,6,4120,IIT BHILAI,Chhattisgarh,15
230,2016,94,89,4,5529,IIEST SHIBPUR,West Bengal,37
231,2016,86,84,1,283,IIT KHARAGPUR,West Bengal,1
232,2016,87,88,3,2754,HBUT KANPUR,Uttar Pradesh,36
233,2016,89,94,4,3652,IIT GOA,Goa,12
234,2016,87,93,7,2757,MANIPAL IT,Karnataka,23
235,2016,88,88,5,4120,SRMIST CHENNAI,Tamil Nadu,32
236,2016,88,88,6,4120,IIT BHILAI,Chhattisgarh,15
237,2016,88,88,5,4120,SRMIST CHENNAI,Tamil Nadu,32
238,2016,88,88,6,4120,IIT BHILAI,Chhattisgarh,15
239,2016,85,92,2,2561,MNIT ALLAHABAD,Uttar Pradesh,27
240,2016,81,87,2,4565,IIT BHILAI,Chhattisgarh,15
241,2016,75,85,3,4565,IIT JAMMU,Jammu & Kashmir,13
242,2016,74,94,1,2356,KLEF HYDRABAD,Telangana,34
243,2016,94,89,4,5529,IIEST SHIBPUR,West Bengal,37
244,2016,86,84,1,283,IIT KHARAGPUR,West Bengal,1
245,2016,86,87,6,1533,IIT INDORE,Madhya Pradesh,14
246,2016,88,88,5,4120,SRMIST CHENNAI,Tamil Nadu,32
247,2016,88,88,6,4120,IIT BHILAI,Chhattisgarh,15
248,2016,85,92,2,2561,MNIT ALLAHABAD,Uttar Pradesh,27
249,2016,74,94,1,2356,KLEF HYDRABAD,Telangana,34
250,2016,94,89,4,5529,IIEST SHIBPUR,West Bengal,37
251,2016,86,84,1,283,IIT KHARAGPUR,West Bengal,1
252,2016,86,87,6,1533,IIT INDORE,Madhya Pradesh,14
253,2016,86,87,6,1533,IIT INDORE,Madhya Pradesh,14
254,2016,88,88,5,4120,SRMIST CHENNAI,Tamil Nadu,32
255,2016,88,88,6,4120,IIT BHILAI,Chhattisgarh,15
256,2016,85,92,2,2561,MNIT ALLAHABAD,Uttar Pradesh,27
257,2016,74,94,1,2356,KLEF HYDRABAD,Telangana,34
258,2016,94,89,4,5529,IIEST SHIBPUR,West Bengal,37
259,2016,86,84,1,283,IIT KHARAGPUR,West Bengal,1
260,2016,86,87,6,1533,IIT INDORE,Madhya Pradesh,14
261,2016,94,89,4,5529,IIEST SHIBPUR,West Bengal,37
262,2016,86,84,1,283,IIT KHARAGPUR,West Bengal,1
263,2016,86,87,6,1533,IIT INDORE,Madhya Pradesh,14
264,2017,88,85,2,222,IIT KHARAGPUR,West Bengal,1
265,2017,85,81,5,1757,BITS PILANI,Rajasthan,19
266,2017,75,89,8,515,IIIT HYDERABAD,Telangana,18
267,2017,89,88,3,2456,NIT WARANGAL,Telangana,16
268,2017,86,93,1,3012,IIT GOA,Goa,12
269,2017,75,89,1,3564,SRMIST CHENNAI,Tamil Nadu,32
270,2017,86,88,7,5612,IIEST SHIBPUR,West Bengal,37
271,2017,83,91,9,9865,MSIT,Delhi,29
272,2017,75,86,6,100,IIT DELHI,Delhi,4
273,2017,86,89,3,192,IIT KANPUR,Uttar Pradesh,3
274,2017,74,89,6,985,NETAJI SUBHAS IT,Delhi,38
275,2017,86,91,5,3965,IIT JAMMU,Jammu & Kashmir,13
276,2017,91,92,1,3154,AHEMDABAD IT,Gujarat,24
277,2017,89,87,1,4565,SSN COLLEGE OF ENGINEERING,Tamil Nadu,30
278,2017,94,81,1,3256,KLEF HYDRABAD,Telangana,34
279,2017,91,89,1,3567,UNIVERSITY COLLEGE OF ENGINEERING,Andhra Pradesh,31
280,2017,91,85,6,8456,MSIT,Delhi,29
281,2017,87,93,1,758,NETAJI SUBHAS IT,Delhi,38
282,2017,94,89,4,4700,NMIMS,Maharashtra,28
283,2017,89,92,6,600,IIIT HYDERABAD,Telangana,18
284,2017,88,93,1,2430,NIT WARANGAL,Telangana,16
285,2017,93,86,4,2131,IIT GOA,Goa,12
286,2017,89,89,5,45,IIT BOMBAY,Maharashtra,2
287,2017,88,89,6,600,IIT HYDERABAD,Telangana,6
288,2017,94,86,8,3986,IIT JAMMU,Jammu & Kashmir,13
289,2017,84,76,1,2888,IIT PALAKKAD,Kerala,10
290,2017,86,94,4,4501,IIT JODHPUR,Rajasthan,7
291,2017,81,84,5,4719,UNIVERSITY COLLEGE OF ENGINEERING,Andhra Pradesh,31
292,2017,91,83,1,56,IIT BOMBAY,Maharashtra,2
293,2017,89,86,1,3956,IIT JAMMU,Jammu & Kashmir,13
294,2017,88,82,5,4125,UNIVERSITY COLLEGE OF ENGINEERING,Andhra Pradesh,31
295,2017,93,82,4,2564,MANIPAL IT,Karnataka,23
296,2017,89,83,4,2865,IIT PALAKKAD,Kerala,10
297,2017,92,94,8,2015,MNIT ALLAHABAD,Uttar Pradesh,27
298,2017,86,94,3,3425,S O A  UNIVERSITY,Orissa,26
299,2017,89,93,4,1926,BITS PILANI,Rajasthan,19
300,2017,88,93,3,1564,IIIT HYDERABAD,Telangana,18
301,2017,91,87,2,3016,MANIPAL IT,Karnataka,23
302,2017,84,85,6,2851,IIT PALAKKAD,Kerala,10
303,2017,86,88,1,2351,MNIT ALLAHABAD,Uttar Pradesh,27
304,2017,89,94,5,3215,S O A  UNIVERSITY,Orissa,26
305,2017,88,82,6,4562,SSN COLLEGE OF ENGINEERING,Tamil Nadu,30
306,2017,91,91,1,7652,BMS COLLEGE OF ENGINEERING,Karnataka,33
307,2017,84,92,3,9856,MSIT,Delhi,29
308,2017,87,91,8,255,IIT KANPUR,Uttar Pradesh,3
309,2017,85,81,5,1757,BITS PILANI,Rajasthan,19
310,2017,75,89,8,515,IIIT HYDERABAD,Telangana,18
311,2017,89,88,3,2456,NIT WARANGAL,Telangana,16
312,2017,86,93,1,3012,IIT GOA,Goa,12
313,2017,75,89,1,3564,SRMIST CHENNAI,Tamil Nadu,32
314,2017,86,88,7,5612,IIEST SHIBPUR,West Bengal,37
315,2017,88,82,6,4562,SSN COLLEGE OF ENGINEERING,Tamil Nadu,30
316,2017,91,91,1,7652,BMS COLLEGE OF ENGINEERING,Karnataka,33
317,2017,84,92,3,9856,MSIT,Delhi,29
318,2017,87,91,8,255,IIT KANPUR,Uttar Pradesh,3
319,2017,85,81,5,1757,BITS PILANI,Rajasthan,19
320,2017,75,89,8,515,IIIT HYDERABAD,Telangana,18
321,2017,91,87,2,3016,MANIPAL IT,Karnataka,23
322,2017,84,85,6,2851,IIT PALAKKAD,Kerala,10
323,2017,86,88,1,2351,MNIT ALLAHABAD,Uttar Pradesh,27
324,2017,89,94,5,3215,S O A  UNIVERSITY,Orissa,26
325,2017,88,82,6,4562,SSN COLLEGE OF ENGINEERING,Tamil Nadu,30
326,2017,91,91,1,7652,BMS COLLEGE OF ENGINEERING,Karnataka,33
327,2017,87,91,8,255,IIT KANPUR,Uttar Pradesh,3
328,2017,85,81,5,1757,BITS PILANI,Rajasthan,19
329,2017,75,89,8,515,IIIT HYDERABAD,Telangana,18
330,2017,91,87,2,3016,MANIPAL IT,Karnataka,23
331,2017,84,85,6,2851,IIT PALAKKAD,Kerala,10
332,2017,86,88,1,2351,MNIT ALLAHABAD,Uttar Pradesh,27
333,2017,89,94,5,3215,S O A  UNIVERSITY,Orissa,26
334,2017,94,86,8,3986,IIT JAMMU,Jammu & Kashmir,13
335,2017,84,76,1,2888,IIT PALAKKAD,Kerala,10
336,2017,86,94,4,4501,IIT JODHPUR,Rajasthan,7
337,2017,81,84,5,4719,UNIVERSITY COLLEGE OF ENGINEERING,Andhra Pradesh,31
338,2017,91,83,1,56,IIT BOMBAY,Maharashtra,2
339,2017,89,86,1,3956,IIT JAMMU,Jammu & Kashmir,13
340,2017,88,82,5,4125,UNIVERSITY COLLEGE OF ENGINEERING,Andhra Pradesh,31
341,2017,93,82,4,2564,MANIPAL IT,Karnataka,23
342,2017,89,83,4,2865,IIT PALAKKAD,Kerala,10
343,2017,92,94,8,2015,MNIT ALLAHABAD,Uttar Pradesh,27
344,2017,86,94,3,3425,S O A  UNIVERSITY,Orissa,26
345,2017,89,93,4,1926,BITS PILANI,Rajasthan,19
346,2017,88,93,3,1564,IIIT HYDERABAD,Telangana,18
347,2017,91,87,2,3016,MANIPAL IT,Karnataka,23
348,2017,84,85,6,2851,IIT PALAKKAD,Kerala,10
349,2017,86,88,1,2351,MNIT ALLAHABAD,Uttar Pradesh,27
350,2017,89,94,5,3215,S O A  UNIVERSITY,Orissa,26
351,2017,88,82,6,4562,SSN COLLEGE OF ENGINEERING,Tamil Nadu,30
352,2017,91,91,1,7652,BMS COLLEGE OF ENGINEERING,Karnataka,33
353,2017,84,92,3,9856,MSIT,Delhi,29
354,2017,87,91,8,255,IIT KANPUR,Uttar Pradesh,3
355,2017,85,81,5,1757,BITS PILANI,Rajasthan,19
356,2017,75,89,8,515,IIIT HYDERABAD,Telangana,18
357,2017,89,88,3,2456,NIT WARANGAL,Telangana,16
358,2017,86,93,1,3012,IIT GOA,Goa,12
359,2017,75,89,1,3564,SRMIST CHENNAI,Tamil Nadu,32
360,2017,86,88,7,5612,IIEST SHIBPUR,West Bengal,37
361,2017,88,82,6,4562,SSN COLLEGE OF ENGINEERING,Tamil Nadu,30
362,2017,91,91,1,7652,BMS COLLEGE OF ENGINEERING,Karnataka,33
363,2017,84,92,3,9856,MSIT,Delhi,29
364,2017,87,91,8,255,IIT KANPUR,Uttar Pradesh,3
365,2017,85,81,5,1757,BITS PILANI,Rajasthan,19
366,2017,75,89,8,515,IIIT HYDERABAD,Telangana,18
367,2017,91,87,2,3016,MANIPAL IT,Karnataka,23
368,2017,84,85,6,2851,IIT PALAKKAD,Kerala,10
369,2017,86,88,1,2351,MNIT ALLAHABAD,Uttar Pradesh,27
370,2017,89,94,5,3215,S O A  UNIVERSITY,Orissa,26
371,2017,88,82,6,4562,SSN COLLEGE OF ENGINEERING,Tamil Nadu,30
372,2017,89,94,5,3215,S O A  UNIVERSITY,Orissa,26
373,2017,88,82,6,4562,SSN COLLEGE OF ENGINEERING,Tamil Nadu,30
374,2017,91,91,1,7652,BMS COLLEGE OF ENGINEERING,Karnataka,33
375,2017,87,91,8,255,IIT KANPUR,Uttar Pradesh,3
376,2017,86,88,1,2351,MNIT ALLAHABAD,Uttar Pradesh,27
377,2017,89,94,5,3215,S O A  UNIVERSITY,Orissa,26
378,2017,88,82,6,4562,SSN COLLEGE OF ENGINEERING,Tamil Nadu,30
379,2017,89,94,5,3215,S O A  UNIVERSITY,Orissa,26
380,2017,88,82,6,4562,SSN COLLEGE OF ENGINEERING,Tamil Nadu,30
381,2017,75,89,8,515,IIIT HYDERABAD,Telangana,18
382,2017,89,88,3,2456,NIT WARANGAL,Telangana,16
383,2017,86,93,1,3012,IIT GOA,Goa,12
384,2017,75,89,1,3564,SRMIST CHENNAI,Tamil Nadu,32
385,2017,86,88,7,5612,IIEST SHIBPUR,West Bengal,37
386,2017,88,82,6,4562,SSN COLLEGE OF ENGINEERING,Tamil Nadu,30
387,2017,91,91,1,7652,BMS COLLEGE OF ENGINEERING,Karnataka,33
388,2017,84,92,3,9856,MSIT,Delhi,29
389,2017,87,91,8,255,IIT KANPUR,Uttar Pradesh,3
390,2017,88,82,6,4562,SSN COLLEGE OF ENGINEERING,Tamil Nadu,30
391,2017,89,94,5,3215,S O A  UNIVERSITY,Orissa,26
392,2017,88,82,6,4562,SSN COLLEGE OF ENGINEERING,Tamil Nadu,30
393,2017,75,89,8,515,IIIT HYDERABAD,Telangana,18
394,2017,89,88,3,2456,NIT WARANGAL,Telangana,16
395,2017,86,93,1,3012,IIT GOA,Goa,12
396,2017,89,94,5,3215,S O A  UNIVERSITY,Orissa,26
397,2017,94,86,8,3986,IIT JAMMU,Jammu & Kashmir,13
398,2017,84,76,1,2888,IIT PALAKKAD,Kerala,10
399,2017,86,94,4,4501,IIT JODHPUR,Rajasthan,7
400,2017,81,84,5,4719,UNIVERSITY COLLEGE OF ENGINEERING,Andhra Pradesh,31
401,2017,91,83,1,56,IIT BOMBAY,Maharashtra,2
402,2017,89,86,1,3956,IIT JAMMU,Jammu & Kashmir,13
403,2017,88,82,5,4125,UNIVERSITY COLLEGE OF ENGINEERING,Andhra Pradesh,31
404,2017,93,82,4,2564,MANIPAL IT,Karnataka,23
405,2017,89,83,4,2865,IIT PALAKKAD,Kerala,10
406,2017,92,94,8,2015,MNIT ALLAHABAD,Uttar Pradesh,27
407,2017,86,94,3,3425,S O A  UNIVERSITY,Orissa,26
408,2017,89,93,4,1926,BITS PILANI,Rajasthan,19
409,2017,88,93,3,1564,IIIT HYDERABAD,Telangana,18
410,2017,91,87,2,3016,MANIPAL IT,Karnataka,23
411,2017,84,85,6,2851,IIT PALAKKAD,Kerala,10
412,2017,86,88,1,2351,MNIT ALLAHABAD,Uttar Pradesh,27
413,2017,89,94,5,3215,S O A  UNIVERSITY,Orissa,26
414,2017,88,82,6,4562,SSN COLLEGE OF ENGINEERING,Tamil Nadu,30
415,2017,91,91,1,7652,BMS COLLEGE OF ENGINEERING,Karnataka,33
416,2017,84,92,3,9856,MSIT,Delhi,29
417,2017,87,91,8,255,IIT KANPUR,Uttar Pradesh,3
418,2017,85,81,5,1757,BITS PILANI,Rajasthan,19
419,2017,75,89,8,515,IIIT HYDERABAD,Telangana,18
420,2017,89,88,3,2456,NIT WARANGAL,Telangana,16
421,2017,86,93,1,3012,IIT GOA,Goa,12
422,2017,75,89,1,3564,SRMIST CHENNAI,Tamil Nadu,32
423,2017,86,88,7,5612,IIEST SHIBPUR,West Bengal,37
424,2017,88,82,6,4562,SSN COLLEGE OF ENGINEERING,Tamil Nadu,30
425,2017,91,91,1,7652,BMS COLLEGE OF ENGINEERING,Karnataka,33
426,2017,84,92,3,9856,MSIT,Delhi,29
427,2017,87,91,8,255,IIT KANPUR,Uttar Pradesh,3
428,2017,85,81,5,1757,BITS PILANI,Rajasthan,19
429,2017,75,89,8,515,IIIT HYDERABAD,Telangana,18
430,2017,91,87,2,3016,MANIPAL IT,Karnataka,23
431,2017,84,85,6,2851,IIT PALAKKAD,Kerala,10
432,2017,86,88,1,2351,MNIT ALLAHABAD,Uttar Pradesh,27
433,2017,89,94,5,3215,S O A  UNIVERSITY,Orissa,26
434,2017,88,82,6,4562,SSN COLLEGE OF ENGINEERING,Tamil Nadu,30
435,2017,89,94,5,3215,S O A  UNIVERSITY,Orissa,26
436,2017,88,82,6,4562,SSN COLLEGE OF ENGINEERING,Tamil Nadu,30
437,2017,91,91,1,7652,BMS COLLEGE OF ENGINEERING,Karnataka,33
438,2017,87,91,8,255,IIT KANPUR,Uttar Pradesh,3
439,2017,86,88,1,2351,MNIT ALLAHABAD,Uttar Pradesh,27
440,2017,89,94,5,3215,S O A  UNIVERSITY,Orissa,26
441,2017,88,82,6,4562,SSN COLLEGE OF ENGINEERING,Tamil Nadu,30
442,2017,89,94,5,3215,S O A  UNIVERSITY,Orissa,26
443,2017,88,82,6,4562,SSN COLLEGE OF ENGINEERING,Tamil Nadu,30
444,2017,75,89,8,515,IIIT HYDERABAD,Telangana,18
445,2017,89,88,3,2456,NIT WARANGAL,Telangana,16
446,2017,86,93,1,3012,IIT GOA,Goa,12
447,2017,75,89,1,3564,SRMIST CHENNAI,Tamil Nadu,32
448,2017,86,88,7,5612,IIEST SHIBPUR,West Bengal,37
449,2017,88,82,6,4562,SSN COLLEGE OF ENGINEERING,Tamil Nadu,30
450,2017,91,91,1,7652,BMS COLLEGE OF ENGINEERING,Karnataka,33
451,2017,84,92,3,9856,MSIT,Delhi,29
452,2017,87,91,8,255,IIT KANPUR,Uttar Pradesh,3
453,2017,88,82,6,4562,SSN COLLEGE OF ENGINEERING,Tamil Nadu,30
454,2017,89,94,5,3215,S O A  UNIVERSITY,Orissa,26
455,2017,88,82,6,4562,SSN COLLEGE OF ENGINEERING,Tamil Nadu,30
456,2017,75,89,8,515,IIIT HYDERABAD,Telangana,18
457,2017,89,88,3,2456,NIT WARANGAL,Telangana,16
458,2017,86,93,1,3012,IIT GOA,Goa,12
459,2017,86,88,7,5612,IIEST SHIBPUR,West Bengal,37
460,2017,88,82,6,4562,SSN COLLEGE OF ENGINEERING,Tamil Nadu,30
461,2017,91,91,1,7652,BMS COLLEGE OF ENGINEERING,Karnataka,33
462,2017,84,92,3,9856,MSIT,Delhi,29
463,2017,87,91,8,255,IIT KANPUR,Uttar Pradesh,3
464,2017,85,81,5,1757,BITS PILANI,Rajasthan,19
465,2017,88,82,6,4562,SSN COLLEGE OF ENGINEERING,Tamil Nadu,30
466,2017,89,94,5,3215,S O A  UNIVERSITY,Orissa,26
467,2017,88,82,6,4562,SSN COLLEGE OF ENGINEERING,Tamil Nadu,30
468,2017,75,89,8,515,IIIT HYDERABAD,Telangana,18
469,2017,89,88,3,2456,NIT WARANGAL,Telangana,16
470,2017,86,93,1,3012,IIT GOA,Goa,12
471,2017,86,88,7,5612,IIEST SHIBPUR,West Bengal,37
472,2017,88,82,6,4562,SSN COLLEGE OF ENGINEERING,Tamil Nadu,30
473,2017,91,91,1,7652,BMS COLLEGE OF ENGINEERING,Karnataka,33
474,2017,84,92,3,9856,MSIT,Delhi,29
475,2017,87,91,8,255,IIT KANPUR,Uttar Pradesh,3
476,2017,85,81,5,1757,BITS PILANI,Rajasthan,19
477,2017,88,82,6,4562,SSN COLLEGE OF ENGINEERING,Tamil Nadu,30
478,2017,91,91,1,7652,BMS COLLEGE OF ENGINEERING,Karnataka,33
479,2017,84,92,3,9856,MSIT,Delhi,29
480,2017,87,91,8,255,IIT KANPUR,Uttar Pradesh,3
481,2017,85,81,5,1757,BITS PILANI,Rajasthan,19
482,2018,91,80,6,260,IIT KANPUR,Uttar Pradesh,3
483,2018,80,89,6,854,NETAJI SUBHAS IT,Delhi,38
484,2018,86,87,8,1232,NIT TRICHY,Tamil Nadu,17
485,2018,85,88,6,3201,DTU DELHI,Delhi,20
486,2018,94,93,1,2215,IIT MANDI,Himachal Pradesh,9
487,2018,84,91,5,2956,HBUT KANPUR,Uttar Pradesh,36
488,2018,94,86,5,3965,S O A  UNIVERSITY,Orissa,26
489,2018,76,81,5,3562,NMIMS,Maharashtra,28
490,2018,81,89,4,4512,IIT JODHPUR,Rajasthan,7
491,2018,84,92,2,5123,BITS MESRA,Jharkhand,22
492,2018,82,94,6,6845,BMS COLLEGE OF ENGINEERING,Karnataka,33
493,2018,94,84,8,54,IIT BOMBAY,Maharashtra,2
494,2018,82,85,8,652,IIT GUWAHATI,Assam,5
495,2018,85,95,2,4125,IIT BHILAI,Chhattisgarh,15
496,2018,75,89,1,4568,SSN COLLEGE OF ENGINEERING,Tamil Nadu,30
497,2018,85,91,3,2854,IIT PALAKKAD,Kerala,10
498,2018,95,91,1,4125,IIT BHILAI,Chhattisgarh,15
499,2018,91,84,9,5421,IIT JAMMU,Jammu & Kashmir,13
500,2018,93,89,6,4521,IIT JODHPUR,Rajasthan,7
501,2018,88,85,1,5625,IIEST SHIBPUR,West Bengal,37
502,2018,93,88,9,7568,MNIT JAIPUR,Rajasthan,25
503,2018,89,85,3,3726,SRMIST CHENNAI,Tamil Nadu,32
504,2018,88,81,6,4320,IIT BHILAI,Chhattisgarh,15
505,2018,82,88,1,2213,DTU DELHI,Delhi,20
506,2018,93,91,2,2356,IIT MANDI,Himachal Pradesh,9
507,2018,91,91,3,2756,HBUT KANPUR,Uttar Pradesh,36
508,2018,86,81,5,3465,S O A  UNIVERSITY,Orissa,26
509,2018,81,94,2,283,IIT KHARAGPUR,West Bengal,1
510,2018,89,93,3,570,IIT GUWAHATI,Assam,5
511,2018,93,89,4,3654,S O A  UNIVERSITY,Orissa,26
512,2018,89,90,1,3789,SRMIST CHENNAI,Tamil Nadu,32
513,2018,93,81,1,4568,SSN COLLEGE OF ENGINEERING,Tamil Nadu,30
514,2018,91,85,3,3000,MANIPAL IT,Karnataka,23
515,2018,87,89,5,4658,IIEST SHIBPUR,West Bengal,37
516,2018,94,76,1,9878,MSIT,Delhi,29
517,2018,94,81,6,3512,AHEMDABAD IT,Gujarat,24
518,2018,91,75,1,3415,S O A  UNIVERSITY,Orissa,26
519,2018,81,75,5,3256,SSN COLLEGE OF ENGINEERING,Tamil Nadu,30
520,2018,89,84,4,3264,IIEST SHIBPUR,West Bengal,37
521,2018,81,75,2,7562,BMS COLLEGE OF ENGINEERING,Karnataka,33
522,2018,89,81,6,93,IIT BOMBAY,Maharashtra,2
523,2018,94,84,1,3214,S O A  UNIVERSITY,Orissa,26
524,2018,84,88,1,5400,AHEMDABAD IT,Gujarat,24
525,2018,85,82,7,3210,AHEMDABAD IT,Gujarat,24
526,2018,81,89,5,1752,IIT INDORE,Madhya Pradesh,14
527,2018,94,94,6,2547,DTU DELHI,Delhi,20
528,2018,93,91,5,2388,IIT ROPAR,Punjab,8
529,2018,92,84,4,2654,HBUT KANPUR,Uttar Pradesh,36
530,2018,94,89,8,2000,IIT GOA,Goa,12
531,2018,89,89,1,3124,S O A  UNIVERSITY,Orissa,26
532,2018,85,89,5,2954,IIT PALAKKAD,Kerala,10
533,2018,81,88,4,3620,AHEMDABAD IT,Gujarat,24
534,2018,94,94,5,4520,IIT JAMMU,Jammu & Kashmir,13
535,2018,93,85,2,3520,NMIMS,Maharashtra,28
536,2018,92,89,6,5230,UNIVERSITY COLLEGE OF ENGINEERING,Andhra Pradesh,31
537,2018,94,94,2,5826,MNIT JAIPUR,Rajasthan,25
538,2018,89,94,1,90,IIT DELHI,Delhi,4
539,2018,95,86,9,985,IIT GUWAHATI,Assam,5
540,2018,80,89,6,854,NETAJI SUBHAS IT,Delhi,38
541,2018,86,87,8,1232,NIT TRICHY,Tamil Nadu,17
542,2018,85,88,6,3201,DTU DELHI,Delhi,20
543,2018,94,93,1,2215,IIT MANDI,Himachal Pradesh,9
544,2018,84,91,5,2956,HBUT KANPUR,Uttar Pradesh,36
545,2018,94,86,5,3965,S O A  UNIVERSITY,Orissa,26
546,2018,76,81,5,3562,NMIMS,Maharashtra,28
547,2018,81,89,4,4512,IIT JODHPUR,Rajasthan,7
548,2018,84,92,2,5123,BITS MESRA,Jharkhand,22
549,2018,82,94,6,6845,BMS COLLEGE OF ENGINEERING,Karnataka,33
550,2018,93,85,2,3520,NMIMS,Maharashtra,28
551,2018,92,89,6,5230,UNIVERSITY COLLEGE OF ENGINEERING,Andhra Pradesh,31
552,2018,94,94,2,5826,MNIT JAIPUR,Rajasthan,25
553,2018,89,94,1,90,IIT DELHI,Delhi,4
554,2018,95,86,9,985,IIT GUWAHATI,Assam,5
555,2018,80,89,6,854,NETAJI SUBHAS IT,Delhi,38
556,2018,86,87,8,1232,NIT TRICHY,Tamil Nadu,17
557,2018,85,88,6,3201,DTU DELHI,Delhi,20
558,2018,94,93,1,2215,IIT MANDI,Himachal Pradesh,9
559,2018,94,89,8,2000,IIT GOA,Goa,12
560,2018,89,89,1,3124,S O A  UNIVERSITY,Orissa,26
561,2018,85,89,5,2954,IIT PALAKKAD,Kerala,10
562,2018,81,88,4,3620,AHEMDABAD IT,Gujarat,24
563,2018,94,94,5,4520,IIT JAMMU,Jammu & Kashmir,13
564,2018,93,85,2,3520,NMIMS,Maharashtra,28
565,2018,92,89,6,5230,UNIVERSITY COLLEGE OF ENGINEERING,Andhra Pradesh,31
566,2018,94,94,2,5826,MNIT JAIPUR,Rajasthan,25
567,2018,89,94,1,90,IIT DELHI,Delhi,4
568,2018,95,86,9,985,IIT GUWAHATI,Assam,5
569,2018,80,89,6,854,NETAJI SUBHAS IT,Delhi,38
570,2018,86,87,8,1232,NIT TRICHY,Tamil Nadu,17
571,2018,85,88,6,3201,DTU DELHI,Delhi,20
572,2018,94,93,1,2215,IIT MANDI,Himachal Pradesh,9
573,2018,94,89,8,2000,IIT GOA,Goa,12
574,2018,89,89,1,3124,S O A  UNIVERSITY,Orissa,26
575,2018,85,89,5,2954,IIT PALAKKAD,Kerala,10
576,2018,81,88,4,3620,AHEMDABAD IT,Gujarat,24
577,2018,94,94,5,4520,IIT JAMMU,Jammu & Kashmir,13
578,2018,93,85,2,3520,NMIMS,Maharashtra,28
579,2018,93,89,4,3654,S O A  UNIVERSITY,Orissa,26
580,2018,89,90,1,3789,SRMIST CHENNAI,Tamil Nadu,32
581,2018,93,81,1,4568,SSN COLLEGE OF ENGINEERING,Tamil Nadu,30
582,2018,91,85,3,3000,MANIPAL IT,Karnataka,23
583,2018,87,89,5,4658,IIEST SHIBPUR,West Bengal,37
584,2018,94,76,1,9878,MSIT,Delhi,29
585,2018,94,81,6,3512,AHEMDABAD IT,Gujarat,24
586,2018,91,75,1,3415,S O A  UNIVERSITY,Orissa,26
587,2018,81,75,5,3256,SSN COLLEGE OF ENGINEERING,Tamil Nadu,30
588,2018,89,84,4,3264,IIEST SHIBPUR,West Bengal,37
589,2018,81,75,2,7562,BMS COLLEGE OF ENGINEERING,Karnataka,33
590,2018,89,81,6,93,IIT BOMBAY,Maharashtra,2
591,2018,94,84,1,3214,S O A  UNIVERSITY,Orissa,26
592,2018,84,88,1,5400,AHEMDABAD IT,Gujarat,24
593,2018,85,82,7,3210,AHEMDABAD IT,Gujarat,24
594,2018,81,89,5,1752,IIT INDORE,Madhya Pradesh,14
595,2018,94,94,6,2547,DTU DELHI,Delhi,20
596,2018,93,91,5,2388,IIT ROPAR,Punjab,8
597,2018,92,84,4,2654,HBUT KANPUR,Uttar Pradesh,36
598,2018,94,89,8,2000,IIT GOA,Goa,12
599,2018,89,89,1,3124,S O A  UNIVERSITY,Orissa,26
600,2018,85,89,5,2954,IIT PALAKKAD,Kerala,10
601,2018,81,88,4,3620,AHEMDABAD IT,Gujarat,24
602,2018,94,94,5,4520,IIT JAMMU,Jammu & Kashmir,13
603,2018,93,85,2,3520,NMIMS,Maharashtra,28
604,2018,92,89,6,5230,UNIVERSITY COLLEGE OF ENGINEERING,Andhra Pradesh,31
605,2018,94,94,2,5826,MNIT JAIPUR,Rajasthan,25
606,2018,89,94,1,90,IIT DELHI,Delhi,4
607,2018,95,86,9,985,IIT GUWAHATI,Assam,5
608,2018,80,89,6,854,NETAJI SUBHAS IT,Delhi,38
609,2018,86,87,8,1232,NIT TRICHY,Tamil Nadu,17
610,2018,85,88,6,3201,DTU DELHI,Delhi,20
611,2018,94,93,1,2215,IIT MANDI,Himachal Pradesh,9
612,2018,84,91,5,2956,HBUT KANPUR,Uttar Pradesh,36
613,2018,94,86,5,3965,S O A  UNIVERSITY,Orissa,26
614,2018,76,81,5,3562,NMIMS,Maharashtra,28
615,2018,81,89,4,4512,IIT JODHPUR,Rajasthan,7
616,2018,84,92,2,5123,BITS MESRA,Jharkhand,22
617,2018,82,94,6,6845,BMS COLLEGE OF ENGINEERING,Karnataka,33
618,2018,93,85,2,3520,NMIMS,Maharashtra,28
619,2018,92,89,6,5230,UNIVERSITY COLLEGE OF ENGINEERING,Andhra Pradesh,31
620,2018,94,94,2,5826,MNIT JAIPUR,Rajasthan,25
621,2018,89,94,1,90,IIT DELHI,Delhi,4
622,2018,95,86,9,985,IIT GUWAHATI,Assam,5
623,2018,80,89,6,854,NETAJI SUBHAS IT,Delhi,38
624,2018,86,87,8,1232,NIT TRICHY,Tamil Nadu,17
625,2018,85,88,6,3201,DTU DELHI,Delhi,20
626,2018,94,93,1,2215,IIT MANDI,Himachal Pradesh,9
627,2018,94,89,8,2000,IIT GOA,Goa,12
628,2018,89,89,1,3124,S O A  UNIVERSITY,Orissa,26
629,2018,85,89,5,2954,IIT PALAKKAD,Kerala,10
630,2018,81,88,4,3620,AHEMDABAD IT,Gujarat,24
631,2018,94,94,5,4520,IIT JAMMU,Jammu & Kashmir,13
632,2018,93,85,2,3520,NMIMS,Maharashtra,28
633,2018,85,89,5,2954,IIT PALAKKAD,Kerala,10
634,2018,81,88,4,3620,AHEMDABAD IT,Gujarat,24
635,2018,94,94,5,4520,IIT JAMMU,Jammu & Kashmir,13
636,2018,93,85,2,3520,NMIMS,Maharashtra,28
637,2018,92,89,6,5230,UNIVERSITY COLLEGE OF ENGINEERING,Andhra Pradesh,31
638,2018,94,94,2,5826,MNIT JAIPUR,Rajasthan,25
639,2018,89,94,1,90,IIT DELHI,Delhi,4
640,2018,95,86,9,985,IIT GUWAHATI,Assam,5
641,2018,89,89,1,3124,S O A  UNIVERSITY,Orissa,26
642,2018,85,89,5,2954,IIT PALAKKAD,Kerala,10
643,2018,81,88,4,3620,AHEMDABAD IT,Gujarat,24
644,2018,94,94,5,4520,IIT JAMMU,Jammu & Kashmir,13
645,2018,93,85,2,3520,NMIMS,Maharashtra,28
646,2018,85,89,5,2954,IIT PALAKKAD,Kerala,10
647,2018,81,88,4,3620,AHEMDABAD IT,Gujarat,24
648,2018,94,94,5,4520,IIT JAMMU,Jammu & Kashmir,13
649,2018,93,85,2,3520,NMIMS,Maharashtra,28
650,2018,85,88,6,3201,DTU DELHI,Delhi,20
651,2018,94,93,1,2215,IIT MANDI,Himachal Pradesh,9
652,2018,84,91,5,2956,HBUT KANPUR,Uttar Pradesh,36
653,2018,94,86,5,3965,S O A  UNIVERSITY,Orissa,26
654,2018,76,81,5,3562,NMIMS,Maharashtra,28
655,2018,81,89,4,4512,IIT JODHPUR,Rajasthan,7
656,2018,84,92,2,5123,BITS MESRA,Jharkhand,22
657,2018,82,94,6,6845,BMS COLLEGE OF ENGINEERING,Karnataka,33
658,2018,93,85,2,3520,NMIMS,Maharashtra,28
659,2018,92,89,6,5230,UNIVERSITY COLLEGE OF ENGINEERING,Andhra Pradesh,31
660,2018,94,94,2,5826,MNIT JAIPUR,Rajasthan,25
661,2018,89,94,1,90,IIT DELHI,Delhi,4
662,2018,95,86,9,985,IIT GUWAHATI,Assam,5
663,2018,94,94,5,4520,IIT JAMMU,Jammu & Kashmir,13
664,2018,93,85,2,3520,NMIMS,Maharashtra,28
665,2018,85,89,5,2954,IIT PALAKKAD,Kerala,10
666,2018,81,88,4,3620,AHEMDABAD IT,Gujarat,24
667,2018,94,94,5,4520,IIT JAMMU,Jammu & Kashmir,13
668,2018,93,85,2,3520,NMIMS,Maharashtra,28
669,2018,85,88,6,3201,DTU DELHI,Delhi,20
670,2018,94,93,1,2215,IIT MANDI,Himachal Pradesh,9
671,2018,84,91,5,2956,HBUT KANPUR,Uttar Pradesh,36
672,2018,94,86,5,3965,S O A  UNIVERSITY,Orissa,26
673,2018,85,89,5,2954,IIT PALAKKAD,Kerala,10
674,2018,81,88,4,3620,AHEMDABAD IT,Gujarat,24
675,2018,94,94,5,4520,IIT JAMMU,Jammu & Kashmir,13
676,2018,93,85,2,3520,NMIMS,Maharashtra,28
677,2018,93,89,4,3654,S O A  UNIVERSITY,Orissa,26
678,2018,89,90,1,3789,SRMIST CHENNAI,Tamil Nadu,32
679,2018,93,81,1,4568,SSN COLLEGE OF ENGINEERING,Tamil Nadu,30
680,2018,91,85,3,3000,MANIPAL IT,Karnataka,23
681,2018,87,89,5,4658,IIEST SHIBPUR,West Bengal,37
682,2018,94,76,1,9878,MSIT,Delhi,29
683,2018,94,81,6,3512,AHEMDABAD IT,Gujarat,24
684,2018,91,75,1,3415,S O A  UNIVERSITY,Orissa,26
685,2018,81,75,5,3256,SSN COLLEGE OF ENGINEERING,Tamil Nadu,30
686,2018,89,84,4,3264,IIEST SHIBPUR,West Bengal,37
687,2018,81,75,2,7562,BMS COLLEGE OF ENGINEERING,Karnataka,33
688,2018,89,81,6,93,IIT BOMBAY,Maharashtra,2
689,2018,94,84,1,3214,S O A  UNIVERSITY,Orissa,26
690,2018,84,88,1,5400,AHEMDABAD IT,Gujarat,24
691,2018,85,82,7,3210,AHEMDABAD IT,Gujarat,24
692,2018,81,89,5,1752,IIT INDORE,Madhya Pradesh,14
693,2018,94,94,6,2547,DTU DELHI,Delhi,20
694,2018,93,91,5,2388,IIT ROPAR,Punjab,8
695,2018,92,84,4,2654,HBUT KANPUR,Uttar Pradesh,36
696,2018,94,89,8,2000,IIT GOA,Goa,12
697,2018,89,89,1,3124,S O A  UNIVERSITY,Orissa,26
698,2018,85,89,5,2954,IIT PALAKKAD,Kerala,10
699,2018,81,88,4,3620,AHEMDABAD IT,Gujarat,24
700,2018,94,94,5,4520,IIT JAMMU,Jammu & Kashmir,13
701,2018,93,85,2,3520,NMIMS,Maharashtra,28
702,2018,92,89,6,5230,UNIVERSITY COLLEGE OF ENGINEERING,Andhra Pradesh,31
703,2018,94,94,2,5826,MNIT JAIPUR,Rajasthan,25
704,2018,89,94,1,90,IIT DELHI,Delhi,4
705,2018,95,86,9,985,IIT GUWAHATI,Assam,5
706,2018,80,89,6,854,NETAJI SUBHAS IT,Delhi,38
707,2018,86,87,8,1232,NIT TRICHY,Tamil Nadu,17
708,2018,85,88,6,3201,DTU DELHI,Delhi,20
709,2018,94,93,1,2215,IIT MANDI,Himachal Pradesh,9
710,2018,84,91,5,2956,HBUT KANPUR,Uttar Pradesh,36
711,2018,94,86,5,3965,S O A  UNIVERSITY,Orissa,26
712,2018,76,81,5,3562,NMIMS,Maharashtra,28
713,2018,81,89,4,4512,IIT JODHPUR,Rajasthan,7
714,2018,84,92,2,5123,BITS MESRA,Jharkhand,22
715,2018,82,94,6,6845,BMS COLLEGE OF ENGINEERING,Karnataka,33
716,2018,93,85,2,3520,NMIMS,Maharashtra,28
717,2018,92,89,6,5230,UNIVERSITY COLLEGE OF ENGINEERING,Andhra Pradesh,31
718,2018,94,94,2,5826,MNIT JAIPUR,Rajasthan,25
719,2018,89,94,1,90,IIT DELHI,Delhi,4
720,2018,95,86,9,985,IIT GUWAHATI,Assam,5
721,2018,80,89,6,854,NETAJI SUBHAS IT,Delhi,38
722,2018,86,87,8,1232,NIT TRICHY,Tamil Nadu,17
723,2018,85,88,6,3201,DTU DELHI,Delhi,20
724,2018,94,93,1,2215,IIT MANDI,Himachal Pradesh,9
725,2018,94,89,8,2000,IIT GOA,Goa,12
726,2018,89,89,1,3124,S O A  UNIVERSITY,Orissa,26
727,2018,85,89,5,2954,IIT PALAKKAD,Kerala,10
728,2018,81,88,4,3620,AHEMDABAD IT,Gujarat,24
729,2018,94,94,5,4520,IIT JAMMU,Jammu & Kashmir,13
730,2018,93,85,2,3520,NMIMS,Maharashtra,28
731,2018,85,89,5,2954,IIT PALAKKAD,Kerala,10
732,2018,81,88,4,3620,AHEMDABAD IT,Gujarat,24
733,2018,94,94,5,4520,IIT JAMMU,Jammu & Kashmir,13
734,2018,93,85,2,3520,NMIMS,Maharashtra,28
735,2018,92,89,6,5230,UNIVERSITY COLLEGE OF ENGINEERING,Andhra Pradesh,31
736,2018,94,94,2,5826,MNIT JAIPUR,Rajasthan,25
737,2018,89,94,1,90,IIT DELHI,Delhi,4
738,2018,95,86,9,985,IIT GUWAHATI,Assam,5
739,2018,89,89,1,3124,S O A  UNIVERSITY,Orissa,26
740,2018,85,89,5,2954,IIT PALAKKAD,Kerala,10
741,2018,81,88,4,3620,AHEMDABAD IT,Gujarat,24
742,2018,94,94,5,4520,IIT JAMMU,Jammu & Kashmir,13
743,2018,93,85,2,3520,NMIMS,Maharashtra,28
744,2018,85,89,5,2954,IIT PALAKKAD,Kerala,10
745,2018,81,88,4,3620,AHEMDABAD IT,Gujarat,24
746,2018,94,94,5,4520,IIT JAMMU,Jammu & Kashmir,13
747,2018,93,85,2,3520,NMIMS,Maharashtra,28
748,2018,85,88,6,3201,DTU DELHI,Delhi,20
749,2018,94,93,1,2215,IIT MANDI,Himachal Pradesh,9
750,2018,84,91,5,2956,HBUT KANPUR,Uttar Pradesh,36
751,2018,94,86,5,3965,S O A  UNIVERSITY,Orissa,26
752,2018,76,81,5,3562,NMIMS,Maharashtra,28
753,2018,81,89,4,4512,IIT JODHPUR,Rajasthan,7
754,2018,84,92,2,5123,BITS MESRA,Jharkhand,22
755,2018,82,94,6,6845,BMS COLLEGE OF ENGINEERING,Karnataka,33
756,2018,93,85,2,3520,NMIMS,Maharashtra,28
757,2018,92,89,6,5230,UNIVERSITY COLLEGE OF ENGINEERING,Andhra Pradesh,31
758,2018,94,94,2,5826,MNIT JAIPUR,Rajasthan,25
759,2018,89,94,1,90,IIT DELHI,Delhi,4
760,2018,95,86,9,985,IIT GUWAHATI,Assam,5
761,2018,94,94,5,4520,IIT JAMMU,Jammu & Kashmir,13
762,2018,93,85,2,3520,NMIMS,Maharashtra,28
763,2018,85,89,5,2954,IIT PALAKKAD,Kerala,10
764,2018,81,88,4,3620,AHEMDABAD IT,Gujarat,24
765,2018,94,94,5,4520,IIT JAMMU,Jammu & Kashmir,13
766,2018,93,85,2,3520,NMIMS,Maharashtra,28
767,2018,85,88,6,3201,DTU DELHI,Delhi,20
768,2018,94,93,1,2215,IIT MANDI,Himachal Pradesh,9
769,2018,84,91,5,2956,HBUT KANPUR,Uttar Pradesh,36
770,2018,84,92,2,5123,BITS MESRA,Jharkhand,22
771,2018,82,94,6,6845,BMS COLLEGE OF ENGINEERING,Karnataka,33
772,2018,93,85,2,3520,NMIMS,Maharashtra,28
773,2018,92,89,6,5230,UNIVERSITY COLLEGE OF ENGINEERING,Andhra Pradesh,31
774,2018,94,94,2,5826,MNIT JAIPUR,Rajasthan,25
775,2018,89,94,1,90,IIT DELHI,Delhi,4
776,2018,95,86,9,985,IIT GUWAHATI,Assam,5
777,2018,80,89,6,854,NETAJI SUBHAS IT,Delhi,38
778,2018,86,87,8,1232,NIT TRICHY,Tamil Nadu,17
779,2018,94,94,5,4520,IIT JAMMU,Jammu & Kashmir,13
780,2018,93,85,2,3520,NMIMS,Maharashtra,28
781,2018,85,89,5,2954,IIT PALAKKAD,Kerala,10
782,2018,81,88,4,3620,AHEMDABAD IT,Gujarat,24
783,2018,94,94,5,4520,IIT JAMMU,Jammu & Kashmir,13
784,2018,93,85,2,3520,NMIMS,Maharashtra,28
785,2018,85,88,6,3201,DTU DELHI,Delhi,20
786,2018,94,93,1,2215,IIT MANDI,Himachal Pradesh,9
787,2018,84,91,5,2956,HBUT KANPUR,Uttar Pradesh,36
788,2018,84,92,2,5123,BITS MESRA,Jharkhand,22
789,2018,82,94,6,6845,BMS COLLEGE OF ENGINEERING,Karnataka,33
790,2018,93,85,2,3520,NMIMS,Maharashtra,28
791,2018,92,89,6,5230,UNIVERSITY COLLEGE OF ENGINEERING,Andhra Pradesh,31
792,2018,94,94,2,5826,MNIT JAIPUR,Rajasthan,25
793,2018,89,94,1,90,IIT DELHI,Delhi,4
794,2018,95,86,9,985,IIT GUWAHATI,Assam,5
795,2018,80,89,6,854,NETAJI SUBHAS IT,Delhi,38
796,2018,86,87,8,1232,NIT TRICHY,Tamil Nadu,17
797,2018,92,89,6,5230,UNIVERSITY COLLEGE OF ENGINEERING,Andhra Pradesh,31
798,2018,94,94,2,5826,MNIT JAIPUR,Rajasthan,25
799,2018,89,94,1,90,IIT DELHI,Delhi,4
800,2018,95,86,9,985,IIT GUWAHATI,Assam,5
801,2018,80,89,6,854,NETAJI SUBHAS IT,Delhi,38
802,2018,86,87,8,1232,NIT TRICHY,Tamil Nadu,17
803,2019,90,89,3,98,IIT BOMBAY,Maharashtra,2
804,2019,78,85,11,1730,IIT INDORE,Madhya Pradesh,14
805,2019,76,94,7,2135,IIT ROPAR,Punjab,8
806,2019,82,94,9,2654,IIT TIRUPATI,Andhra Pradesh,11
807,2019,91,94,3,2854,MANIPAL IT,Karnataka,23
808,2019,76,91,1,2956,IIT PALAKKAD,Kerala,10
809,2019,86,88,1,3561,SSN COLLEGE OF ENGINEERING,Tamil Nadu,30
810,2019,81,93,1,7856,MNIT JAIPUR,Rajasthan,25
811,2019,81,87,5,245,IIT KHARAGPUR,West Bengal,1
812,2019,84,88,5,968,NIT TRICHY,Tamil Nadu,17
813,2019,76,88,8,3165,S O A  UNIVERSITY,Orissa,26
814,2019,86,88,2,312,IIT KANPUR,Uttar Pradesh,3
815,2019,92,86,9,4123,NMIMS,Maharashtra,28
816,2019,92,88,8,4536,BITS MESRA,Jharkhand,22
817,2019,84,81,1,298,IIT KHARAGPUR,West Bengal,1
818,2019,86,82,1,415,IIT GUWAHATI,Assam,5
819,2019,88,82,4,3965,IIT JAMMU,Jammu & Kashmir,13
820,2019,89,94,8,2356,IIT ROPAR,Punjab,8
821,2019,94,94,1,2865,IIT TIRUPATI,Andhra Pradesh,11
822,2019,94,89,7,3000,MANIPAL IT,Karnataka,23
823,2019,91,87,5,2865,IIT PALAKKAD,Kerala,10
824,2019,88,80,1,4120,IIT BHILAI,Chhattisgarh,15
825,2019,94,75,1,211,IIT KANPUR,Uttar Pradesh,3
826,2019,89,75,7,4356,SSN COLLEGE OF ENGINEERING,Tamil Nadu,30
827,2019,89,85,5,5426,BITS MESRA,Jharkhand,22
828,2019,88,86,6,6985,MNIT JAIPUR,Rajasthan,25
829,2019,84,76,1,3997,SRMIST CHENNAI,Tamil Nadu,32
830,2019,88,81,5,4613,KLEF HYDRABAD,Telangana,34
831,2019,82,86,3,9854,MSIT,Delhi,29
832,2019,88,74,4,3519,AHEMDABAD IT,Gujarat,24
833,2019,93,85,2,1980,IIT GOA,Goa,12
834,2019,94,86,6,3015,MANIPAL IT,Karnataka,23
835,2019,89,92,2,2145,IIT MANDI,Himachal Pradesh,9
836,2019,93,86,1,3520,MNIT ALLAHABAD,Uttar Pradesh,27
837,2019,86,81,1,3657,AHEMDABAD IT,Gujarat,24
838,2019,89,81,3,4523,IIT JODHPUR,Rajasthan,7
839,2019,93,88,1,5511,BITS MESRA,Jharkhand,22
840,2019,86,93,1,100,IIT BOMBAY,Maharashtra,2
841,2019,85,89,9,515,IIT HYDERABAD,Telangana,6
842,2019,78,85,11,1730,IIT INDORE,Madhya Pradesh,14
843,2019,76,94,7,2135,IIT ROPAR,Punjab,8
844,2019,82,94,9,2654,IIT TIRUPATI,Andhra Pradesh,11
845,2019,91,94,3,2854,MANIPAL IT,Karnataka,23
846,2019,76,91,1,2956,IIT PALAKKAD,Kerala,10
847,2019,86,88,1,3561,SSN COLLEGE OF ENGINEERING,Tamil Nadu,30
848,2019,81,93,1,7856,MNIT JAIPUR,Rajasthan,25
849,2019,89,81,3,4523,IIT JODHPUR,Rajasthan,7
850,2019,93,88,1,5511,BITS MESRA,Jharkhand,22
851,2019,86,93,1,100,IIT BOMBAY,Maharashtra,2
852,2019,85,89,9,515,IIT HYDERABAD,Telangana,6
853,2019,78,85,11,1730,IIT INDORE,Madhya Pradesh,14
854,2019,76,94,7,2135,IIT ROPAR,Punjab,8
855,2019,93,86,1,3520,MNIT ALLAHABAD,Uttar Pradesh,27
856,2019,86,81,1,3657,AHEMDABAD IT,Gujarat,24
857,2019,89,81,3,4523,IIT JODHPUR,Rajasthan,7
858,2019,93,88,1,5511,BITS MESRA,Jharkhand,22
859,2019,85,89,9,515,IIT HYDERABAD,Telangana,6
860,2019,78,85,11,1730,IIT INDORE,Madhya Pradesh,14
861,2019,76,94,7,2135,IIT ROPAR,Punjab,8
862,2019,93,86,1,3520,MNIT ALLAHABAD,Uttar Pradesh,27
863,2019,86,81,1,3657,AHEMDABAD IT,Gujarat,24
864,2019,89,81,3,4523,IIT JODHPUR,Rajasthan,7
865,2019,88,80,1,4120,IIT BHILAI,Chhattisgarh,15
866,2019,94,75,1,211,IIT KANPUR,Uttar Pradesh,3
867,2019,89,75,7,4356,SSN COLLEGE OF ENGINEERING,Tamil Nadu,30
868,2019,89,85,5,5426,BITS MESRA,Jharkhand,22
869,2019,88,86,6,6985,MNIT JAIPUR,Rajasthan,25
870,2019,84,76,1,3997,SRMIST CHENNAI,Tamil Nadu,32
871,2019,88,81,5,4613,KLEF HYDRABAD,Telangana,34
872,2019,82,86,3,9854,MSIT,Delhi,29
873,2019,88,74,4,3519,AHEMDABAD IT,Gujarat,24
874,2019,93,85,2,1980,IIT GOA,Goa,12
875,2019,94,86,6,3015,MANIPAL IT,Karnataka,23
876,2019,89,92,2,2145,IIT MANDI,Himachal Pradesh,9
877,2019,93,86,1,3520,MNIT ALLAHABAD,Uttar Pradesh,27
878,2019,86,81,1,3657,AHEMDABAD IT,Gujarat,24
879,2019,89,81,3,4523,IIT JODHPUR,Rajasthan,7
880,2019,93,88,1,5511,BITS MESRA,Jharkhand,22
881,2019,86,93,1,100,IIT BOMBAY,Maharashtra,2
882,2019,85,89,9,515,IIT HYDERABAD,Telangana,6
883,2019,78,85,11,1730,IIT INDORE,Madhya Pradesh,14
884,2019,76,94,7,2135,IIT ROPAR,Punjab,8
885,2019,82,94,9,2654,IIT TIRUPATI,Andhra Pradesh,11
886,2019,91,94,3,2854,MANIPAL IT,Karnataka,23
887,2019,76,91,1,2956,IIT PALAKKAD,Kerala,10
888,2019,86,88,1,3561,SSN COLLEGE OF ENGINEERING,Tamil Nadu,30
889,2019,81,93,1,7856,MNIT JAIPUR,Rajasthan,25
890,2019,89,81,3,4523,IIT JODHPUR,Rajasthan,7
891,2019,93,88,1,5511,BITS MESRA,Jharkhand,22
892,2019,86,93,1,100,IIT BOMBAY,Maharashtra,2
893,2019,85,89,9,515,IIT HYDERABAD,Telangana,6
894,2019,78,85,11,1730,IIT INDORE,Madhya Pradesh,14
895,2019,76,94,7,2135,IIT ROPAR,Punjab,8
896,2019,93,86,1,3520,MNIT ALLAHABAD,Uttar Pradesh,27
897,2019,86,81,1,3657,AHEMDABAD IT,Gujarat,24
898,2019,89,81,3,4523,IIT JODHPUR,Rajasthan,7
899,2019,89,81,3,4523,IIT JODHPUR,Rajasthan,7
900,2019,93,88,1,5511,BITS MESRA,Jharkhand,22
901,2019,85,89,9,515,IIT HYDERABAD,Telangana,6
902,2019,86,81,1,3657,AHEMDABAD IT,Gujarat,24
903,2019,89,81,3,4523,IIT JODHPUR,Rajasthan,7
904,2019,89,81,3,4523,IIT JODHPUR,Rajasthan,7
905,2019,76,94,7,2135,IIT ROPAR,Punjab,8
906,2019,82,94,9,2654,IIT TIRUPATI,Andhra Pradesh,11
907,2019,91,94,3,2854,MANIPAL IT,Karnataka,23
908,2019,76,91,1,2956,IIT PALAKKAD,Kerala,10
909,2019,86,88,1,3561,SSN COLLEGE OF ENGINEERING,Tamil Nadu,30
910,2019,81,93,1,7856,MNIT JAIPUR,Rajasthan,25
911,2019,89,81,3,4523,IIT JODHPUR,Rajasthan,7
912,2019,93,88,1,5511,BITS MESRA,Jharkhand,22
913,2019,86,93,1,100,IIT BOMBAY,Maharashtra,2
914,2019,85,89,9,515,IIT HYDERABAD,Telangana,6
915,2019,89,81,3,4523,IIT JODHPUR,Rajasthan,7
916,2019,89,81,3,4523,IIT JODHPUR,Rajasthan,7
917,2019,76,94,7,2135,IIT ROPAR,Punjab,8
918,2019,82,94,9,2654,IIT TIRUPATI,Andhra Pradesh,11
919,2019,91,94,3,2854,MANIPAL IT,Karnataka,23
920,2019,76,91,1,2956,IIT PALAKKAD,Kerala,10
921,2019,89,81,3,4523,IIT JODHPUR,Rajasthan,7
922,2019,88,80,1,4120,IIT BHILAI,Chhattisgarh,15
923,2019,94,75,1,211,IIT KANPUR,Uttar Pradesh,3
924,2019,89,75,7,4356,SSN COLLEGE OF ENGINEERING,Tamil Nadu,30
925,2019,89,85,5,5426,BITS MESRA,Jharkhand,22
926,2019,88,86,6,6985,MNIT JAIPUR,Rajasthan,25
927,2019,84,76,1,3997,SRMIST CHENNAI,Tamil Nadu,32
928,2019,88,81,5,4613,KLEF HYDRABAD,Telangana,34
929,2019,82,86,3,9854,MSIT,Delhi,29
930,2019,88,74,4,3519,AHEMDABAD IT,Gujarat,24
931,2019,93,85,2,1980,IIT GOA,Goa,12
932,2019,94,86,6,3015,MANIPAL IT,Karnataka,23
933,2019,89,92,2,2145,IIT MANDI,Himachal Pradesh,9
934,2019,93,86,1,3520,MNIT ALLAHABAD,Uttar Pradesh,27
935,2019,86,81,1,3657,AHEMDABAD IT,Gujarat,24
936,2019,89,81,3,4523,IIT JODHPUR,Rajasthan,7
937,2019,93,88,1,5511,BITS MESRA,Jharkhand,22
938,2019,86,93,1,100,IIT BOMBAY,Maharashtra,2
939,2019,85,89,9,515,IIT HYDERABAD,Telangana,6
940,2019,78,85,11,1730,IIT INDORE,Madhya Pradesh,14
941,2019,76,94,7,2135,IIT ROPAR,Punjab,8
942,2019,82,94,9,2654,IIT TIRUPATI,Andhra Pradesh,11
943,2019,91,94,3,2854,MANIPAL IT,Karnataka,23
944,2019,76,91,1,2956,IIT PALAKKAD,Kerala,10
945,2019,86,88,1,3561,SSN COLLEGE OF ENGINEERING,Tamil Nadu,30
946,2019,81,93,1,7856,MNIT JAIPUR,Rajasthan,25
947,2019,89,81,3,4523,IIT JODHPUR,Rajasthan,7
948,2019,93,88,1,5511,BITS MESRA,Jharkhand,22
949,2019,86,93,1,100,IIT BOMBAY,Maharashtra,2
950,2019,85,89,9,515,IIT HYDERABAD,Telangana,6
951,2019,78,85,11,1730,IIT INDORE,Madhya Pradesh,14
952,2019,76,94,7,2135,IIT ROPAR,Punjab,8
953,2019,93,86,1,3520,MNIT ALLAHABAD,Uttar Pradesh,27
954,2019,86,81,1,3657,AHEMDABAD IT,Gujarat,24
955,2019,89,81,3,4523,IIT JODHPUR,Rajasthan,7
956,2019,89,81,3,4523,IIT JODHPUR,Rajasthan,7
957,2019,93,88,1,5511,BITS MESRA,Jharkhand,22
958,2019,85,89,9,515,IIT HYDERABAD,Telangana,6
959,2019,86,81,1,3657,AHEMDABAD IT,Gujarat,24
960,2019,89,81,3,4523,IIT JODHPUR,Rajasthan,7
961,2019,89,81,3,4523,IIT JODHPUR,Rajasthan,7
962,2019,76,94,7,2135,IIT ROPAR,Punjab,8
963,2019,82,94,9,2654,IIT TIRUPATI,Andhra Pradesh,11
964,2019,91,94,3,2854,MANIPAL IT,Karnataka,23
965,2019,76,91,1,2956,IIT PALAKKAD,Kerala,10
966,2019,86,88,1,3561,SSN COLLEGE OF ENGINEERING,Tamil Nadu,30
967,2019,81,93,1,7856,MNIT JAIPUR,Rajasthan,25
968,2019,89,81,3,4523,IIT JODHPUR,Rajasthan,7
969,2019,93,88,1,5511,BITS MESRA,Jharkhand,22
970,2019,86,93,1,100,IIT BOMBAY,Maharashtra,2
971,2019,85,89,9,515,IIT HYDERABAD,Telangana,6
972,2019,89,81,3,4523,IIT JODHPUR,Rajasthan,7
973,2019,89,81,3,4523,IIT JODHPUR,Rajasthan,7
974,2019,76,94,7,2135,IIT ROPAR,Punjab,8
975,2019,82,94,9,2654,IIT TIRUPATI,Andhra Pradesh,11
976,2019,91,94,3,2854,MANIPAL IT,Karnataka,23
977,2019,76,91,1,2956,IIT PALAKKAD,Kerala,10
978,2019,86,88,1,3561,SSN COLLEGE OF ENGINEERING,Tamil Nadu,30
979,2019,81,93,1,7856,MNIT JAIPUR,Rajasthan,25
980,2019,89,81,3,4523,IIT JODHPUR,Rajasthan,7
981,2019,93,88,1,5511,BITS MESRA,Jharkhand,22
982,2019,86,93,1,100,IIT BOMBAY,Maharashtra,2
983,2019,85,89,9,515,IIT HYDERABAD,Telangana,6
984,2019,78,85,11,1730,IIT INDORE,Madhya Pradesh,14
985,2019,85,89,9,515,IIT HYDERABAD,Telangana,6
986,2019,89,81,3,4523,IIT JODHPUR,Rajasthan,7
987,2019,89,81,3,4523,IIT JODHPUR,Rajasthan,7
988,2019,76,94,7,2135,IIT ROPAR,Punjab,8
989,2019,82,94,9,2654,IIT TIRUPATI,Andhra Pradesh,11
990,2019,91,94,3,2854,MANIPAL IT,Karnataka,23
991,2019,76,91,1,2956,IIT PALAKKAD,Kerala,10
992,2019,86,88,1,3561,SSN COLLEGE OF ENGINEERING,Tamil Nadu,30
993,2019,81,93,1,7856,MNIT JAIPUR,Rajasthan,25
994,2019,89,81,3,4523,IIT JODHPUR,Rajasthan,7
995,2019,93,88,1,5511,BITS MESRA,Jharkhand,22
996,2019,86,93,1,100,IIT BOMBAY,Maharashtra,2
997,2019,85,89,9,515,IIT HYDERABAD,Telangana,6
998,2019,78,85,11,1730,IIT INDORE,Madhya Pradesh,14
999,2019,89,81,3,4523,IIT JODHPUR,Rajasthan,7
1000,2019,93,88,1,5511,BITS MESRA,Jharkhand,22
1001,2019,86,93,1,100,IIT BOMBAY,Maharashtra,2
1002,2019,85,89,9,515,IIT HYDERABAD,Telangana,6
1003,2019,78,85,11,1730,IIT INDORE,Madhya Pradesh,14
